entry_uuid,tag
a0d85924-f567-49be-948e-75ddc1cb662f,App\Models\User
a0d85924-f828-4c43-b564-d1c00d4e640a,Auth:1
a0d85925-0063-4c61-a7ef-077c87f7886b,Auth:1
a0d85925-2195-42c0-b0f5-223f98c7ad9f,Auth:1
a0d85925-24b6-46b7-a8b2-331f59894562,Auth:1
a0d85925-2731-4d65-9ff0-b4c09cc66331,Auth:1
a0d85925-28d3-4637-8f05-de18e21a64b9,Auth:1
a0d85925-2cbd-444f-9283-aace55dd24e1,Auth:1
a0d85925-2e5f-4a2e-bf4f-ed13e5c27900,Auth:1
a0d85925-2f72-41f0-bf57-50ecfbc67397,Auth:1
a0d85925-3272-4de1-b894-50996f0be8ec,Auth:1
a0d85925-33e7-4fbc-98be-7cf6f98d92bb,Auth:1
a0d85925-3447-4dcc-a0b6-69edd0b5e366,Auth:1
a0d85925-3506-46ee-beb0-2279ce33be2a,Auth:1
a0d85925-3638-4bf4-916b-3bf535ce4638,Auth:1
a0d85925-3758-4a72-9466-282b790e8d1c,Auth:1
a0d85925-39fa-49e3-b236-444de67b32fe,Auth:1
a0d85925-3af3-4add-8d94-4f19d4ae0ded,Auth:1
a0d85925-3c17-4e3d-9cfd-05e875c1202e,Auth:1
a0d85925-3d10-4a7a-b8a9-571bdb359ca2,Auth:1
a0d85925-3e3f-44d7-8407-12544c3caef6,Auth:1
a0d85925-3f3d-49ef-bfae-cc4823e524be,Auth:1
a0d85925-40e8-4bbd-baf7-daa18637912d,Auth:1
a0d85925-4189-4311-84d2-d6c839367d1b,Auth:1
a0d85925-4206-4832-b763-4fb6048883de,Auth:1
a0d85925-4300-4875-8287-dfb2634ba8c1,Auth:1
a0d85925-43ba-49c7-b7e0-95b4e65edd83,Auth:1
a0d85925-4464-436b-9a78-482e10c0156e,Auth:1
a0d85925-4747-437b-b224-46e5239a8d7b,Auth:1
a0d85925-4993-4c28-8dbd-661e78446ed7,Auth:1
a0d85925-4d7b-4704-8ba0-c049a046e377,Auth:1
a0d85925-4e63-4a8b-8713-0a4a50aadaed,Auth:1
a0d85925-4fc8-4103-be38-f88ee14f0720,Auth:1
a0d85925-54a6-4426-a92b-c7a588fcdaec,Auth:1
a0d85925-566b-4f98-9db3-2f8581af54a9,Auth:1
a0d85925-5da3-4f17-afa0-c5f347d78509,Auth:1
a0d85925-5dc8-4248-8d1f-b9f1efa5c0c6,Auth:1
a0d85925-5e60-4c67-9a3d-24cd9ff7216a,Auth:1
a0d85925-60d0-41c8-be70-807b43622e48,Auth:1
a0d85925-667e-4727-b144-712003986fba,Auth:1
a0d85925-694e-48bf-a82d-b14ce2dd6c9a,Auth:1
a0d85925-6b3d-44e7-924a-814f5799650d,Auth:1
a0d85925-6ce0-4886-b81b-06f63dba3bcb,Auth:1
a0d85925-6e3e-444e-935d-2ac60956d39a,Auth:1
a0d85925-7101-44f9-b94e-c006281e40c5,Auth:1
a0d85925-717a-468b-bccc-9f3cbbf23631,Auth:1
a0d85925-7208-4ef1-aa25-4e9033d59171,Auth:1
a0d85925-72fa-4a07-9e6b-1ccd94a1a1ad,Auth:1
a0d85925-7470-4acd-aca9-dc87a63b71ab,Auth:1
a0d85925-76a0-44c5-a2c5-281b21cab9f0,Auth:1
a0d85925-77d8-4201-b341-fe38ef7da0ab,Auth:1
a0d85925-7ea8-4285-bd53-5f63af743c8c,Auth:1
a0d85925-7f04-45ec-96c8-73c90da21fe4,Auth:1
a0d85952-17a1-44f1-bcce-2a629e3b48a2,App\Models\User
a0d85952-194a-40c5-9c54-ecbdb0d8aaa3,Auth:1
a0d85952-1b1d-40ef-9d2d-f7528a0df8ae,Auth:1
a0d85952-1b41-4a63-b107-6b04621ca1fc,App\Models\Company
a0d85952-1b41-4a63-b107-6b04621ca1fc,Auth:1
a0d85952-1dbc-4c0b-aaa5-07ec8d3a046c,Auth:1
a0d85952-1e01-40ad-9ea6-dc252e3d8212,App\Models\Company:1
a0d85952-1e01-40ad-9ea6-dc252e3d8212,App\Models\User:1
a0d85952-1e01-40ad-9ea6-dc252e3d8212,Auth:1
a0d85952-1e84-4f7a-b4fb-fc6d6cb89a16,Auth:1
a0d85952-221d-431e-bebe-6c5fcfdb896c,Auth:1
a0d85952-2f25-44fa-8ded-7cdfd83c4b41,Auth:1
a0d85952-30a4-4d45-af7f-26dba48fa77f,Auth:1
a0d85952-32ed-49e4-9835-0bf5f51ae17c,Auth:1
a0d85952-351e-4928-bb30-ab1c829e911a,Auth:1
a0d85952-3614-4011-af19-4a2caeb54423,Auth:1
a0d85952-37e6-4f68-b5e4-94848627ce7e,Auth:1
a0d85952-38bf-42fe-b5bd-9f8f551abb7a,Auth:1
a0d85952-3a0e-45fe-a1e0-6e358b213600,Auth:1
a0d85952-3b43-4932-9ee5-7ba9168075f6,Auth:1
a0d85952-3d3a-46c6-add5-9b6c971ef78b,Auth:1
a0d85952-3e11-4660-95eb-9eb814b43bd2,Auth:1
a0d85952-3f20-4b15-8383-3825536a7d99,Auth:1
a0d85952-3fb2-4018-b1d7-8f431e757a9c,Auth:1
a0d85952-411e-4b02-b735-2709fb1738a3,Auth:1
a0d85952-438e-4ab6-bf6f-5129d672894f,Auth:1
a0d85952-44e1-4174-b437-d33e544c8882,Auth:1
a0d85952-457e-4a07-85c1-13500e523844,Auth:1
a0d85952-48ec-4e81-9172-16a9a86125e0,Auth:1
a0d85952-4a53-49d8-9bcc-ee8fb6ac9478,Auth:1
a0d85952-4ba0-4fc0-ac39-53e077b45899,Auth:1
a0d85952-4c2a-48fd-82e9-3ba7a52353de,Auth:1
a0d85952-4d6d-4d55-9051-b6853ae5fc7c,Auth:1
a0d85952-4eeb-4f21-888a-f4cac3e792e7,Auth:1
a0d85952-4fca-4015-b9dc-360a443ee27e,Auth:1
a0d85952-51ef-45dd-8c4d-8d847fd145c9,Auth:1
a0d85952-5273-4a84-bd77-733ed7e26c85,Auth:1
a0d85952-5493-41f8-b551-58e39a748368,Auth:1
a0d85952-54fd-4f73-8ef8-ba94a692c917,Auth:1
a0d85952-5746-4da6-a6c2-62518fa61aee,Auth:1
a0d85952-581c-49f8-accb-b13ee6b8e11a,Auth:1
a0d85952-6274-4955-8afb-c55856d25508,Auth:1
a0d85952-62d2-4053-a1c4-ad97604323aa,Auth:1
a0d85952-63c3-4b23-aab8-49c998a83165,Auth:1
a0d85952-6547-4dd0-89de-b6cfb88617b9,Auth:1
a0d85952-6602-4387-8689-195506dbca68,Auth:1
a0d85952-6821-4617-b7dc-2ea2c5c92b7c,Auth:1
a0d85952-68e7-4702-8f56-40056274ef51,Auth:1
a0d85952-6d30-4b2e-93ae-f0bf34d98d55,Auth:1
a0d85952-6d53-4e28-8ee5-05d00f7c3844,Auth:1
a0d85952-6dd5-4298-be3e-1103b7eb2040,Auth:1
a0d85952-6eb2-4094-ab92-9a49da323894,Auth:1
a0d85952-70d6-414f-afba-4e104d49ba24,Auth:1
a0d85952-7264-4c30-892c-bd94711cc9aa,Auth:1
a0d85952-735e-496e-8549-b16bf4c6359d,Auth:1
a0d85952-73e8-42ae-bb65-523b7090816f,Auth:1
a0d85952-752c-4ee8-bd2f-9c7c5b706f8a,Auth:1
a0d85952-7580-4a61-b3d3-0566fa88f3d7,Auth:1
a0d85952-75ef-4f1c-9aaa-10460ec81349,Auth:1
a0d85952-78a0-486d-b79b-192571d0e6f7,Auth:1
a0d85952-78ff-4d12-bc1b-2ef61ad2f8b0,Auth:1
a0d85952-7f4f-4fe8-ba8a-c81588830f12,Auth:1
a0d85952-808b-48b4-b3bb-9a3d480e7cc5,Auth:1
a0d85952-81e1-47b1-865e-ada34e68c812,Auth:1
a0d85952-8303-4a75-8891-fde0ceabf6e8,Auth:1
a0d85952-83c2-42b9-8040-33b97ecd67c4,Auth:1
a0d85952-8433-44ed-9a42-813559f7c786,Auth:1
a0d85952-8449-4cfe-910c-071346ee322b,Auth:1
a0d85952-848c-4cc2-b8b8-b002cb50ea6c,Auth:1
a0d85952-853f-41ff-8604-19c55f7ffdcf,Auth:1
a0d85952-867c-451b-9d1b-82c8bff6692b,Auth:1
a0d85952-86db-4da5-870a-55d195870770,Auth:1
a0d85952-871b-43af-9646-78e7d1f74afb,Auth:1
a0d85952-8762-40b1-b02d-f8ce34bb4cb3,Auth:1
a0d85952-8826-4cc3-bdee-3984a30afbd1,Auth:1
a0d85952-88f9-4d73-981d-d14e7890466f,Auth:1
a0d85952-8a32-4de5-844f-dde5d086796a,Auth:1
a0d85952-8bac-467c-ac9c-89b2a162e7c1,Auth:1
a0d85952-8c3a-4bc4-836e-5ff83e756d98,Auth:1
a0d85952-8cf2-41b9-b84e-ee772abf3b5c,Auth:1
a0d85952-8dca-44d9-8311-803dbbd14902,Auth:1
a0d85952-8ec6-479f-9b18-b7d81d5354a9,Auth:1
a0d85952-9018-4eef-953e-1e427e7d9cd5,Auth:1
a0d85952-90f5-4ffe-8189-fdc6177cd43f,Auth:1
a0d85952-9288-42e5-b5c3-6dfbe857ae1a,Auth:1
a0d85952-9375-47b1-9ace-43c65829ec07,Auth:1
a0d85952-945c-404a-9980-4d70d01c0fdb,Auth:1
a0d85952-957c-460b-8bcc-7f52ddff9f65,Auth:1
a0d85952-9689-4032-9447-b085ceefc8d1,Auth:1
a0d85952-9778-45fa-adeb-6d01b6899ee6,Auth:1
a0d85952-9851-4efb-a42f-c2d1bf3a1202,Auth:1
a0d85952-9952-4ad6-b042-73ef4602ca5a,Auth:1
a0d85952-99f6-4a71-a8b1-812616d0755c,Auth:1
a0d85952-9b3e-48ca-b39f-fdb0ecce69da,Auth:1
a0d85952-9c0a-4e0a-b0e6-1d92a73659e2,Auth:1
a0d85952-9cfa-422a-971f-b93a8e1abd4d,Auth:1
a0d85952-9e02-4107-9f67-c474d4705cec,Auth:1
a0d85952-9f16-4c10-89c3-400740d63b99,Auth:1
a0d85952-9fe8-4e56-9a4b-d5cfaf9d3c88,Auth:1
a0d85952-a0c5-40b9-8b53-792997ffeab5,Auth:1
a0d85952-a351-4ef0-9479-b7d74ce694a6,Auth:1
a0d85952-a4d2-44ad-af56-22876a78e8f1,Auth:1
a0d85952-a68b-4c95-aeba-2ed7a9b462c5,Auth:1
a0d85952-a7ae-4d2a-b757-0c21e1594e52,Auth:1
a0d85952-add2-4e5e-b0b1-0df7f39f70b7,Auth:1
a0d85952-ae1e-4727-967d-4db77c061245,Auth:1
a0d85958-8b3d-48cc-a635-b0d7e1fabab8,App\Models\User
a0d85958-8cd9-46ed-84fb-16ba8cbaff38,Auth:1
a0d85958-8ed1-4498-8f74-e7c58e4bdf3f,Auth:1
a0d85958-8eff-4575-9368-d1cf0dc45ce2,App\Models\Company
a0d85958-8eff-4575-9368-d1cf0dc45ce2,Auth:1
a0d85958-917e-4474-853a-fcce8fe18a07,Auth:1
a0d85958-91c5-49f9-8f38-afa74d6c3011,App\Models\Company:1
a0d85958-91c5-49f9-8f38-afa74d6c3011,App\Models\User:1
a0d85958-91c5-49f9-8f38-afa74d6c3011,Auth:1
a0d85958-92a2-4d6d-902c-9f903bcf572a,Auth:1
a0d85958-c194-4967-b5e0-9edce2fd66b2,Auth:1
a0d85958-c55d-401b-a6f7-3f03ddb1a205,Auth:1
a0d85958-cd44-4002-a8cd-887e0308e2eb,Auth:1
a0d85958-cdfe-4e48-a295-af770b85cfe3,Auth:1
a0d85958-ce8c-4178-b3ed-15009061249f,Auth:1
a0d85958-cf23-4ca2-af9e-26baf8b1b921,Auth:1
a0d85958-d1c3-4e8b-88a9-6bc41837d7f8,Auth:1
a0d85958-d2a8-4b35-8717-d396137da919,Auth:1
a0d85958-d46c-42d4-a448-99e1ad973d91,Auth:1
a0d85958-d538-4ffb-bfc2-77a5c4972ec4,Auth:1
a0d85958-d700-4fe5-ae20-1bfb382b1286,Auth:1
a0d85958-d7ef-4639-8e2b-828d3ddda855,Auth:1
a0d85958-d905-4993-820f-24dfa9f777e9,Auth:1
a0d85958-d9c2-4d8e-9201-470678b34c9d,Auth:1
a0d85958-da64-4bb2-9550-5b1449133317,Auth:1
a0d85958-db29-4702-b07b-4a3a16662885,Auth:1
a0d85958-dbac-448e-815b-3b8736f88448,Auth:1
a0d85958-dc25-4110-84b9-c23e569f6fd2,Auth:1
a0d85958-dce2-4c5c-af87-2b9f0600ffd2,Auth:1
a0d85958-ddab-414a-9c33-e407c4f1e745,Auth:1
a0d85958-de4e-4f98-afff-58b5d39b8a0d,Auth:1
a0d85958-deb5-43e4-a051-2248f0a0d41e,Auth:1
a0d85958-df16-477f-8e7c-5581a41552b5,Auth:1
a0d85958-dfe7-4406-a305-74b1f4ef79d8,Auth:1
a0d85958-e0f5-4797-b207-500d8abbb24a,Auth:1
a0d85958-e1ae-49be-be93-cd2f7b6f21b8,Auth:1
a0d85958-e238-42ba-aa91-b01ce665ccc7,Auth:1
a0d85958-e346-4727-88f3-be6e82e4bfb1,Auth:1
a0d85958-e465-47af-9b8d-c8d4656ab61b,Auth:1
a0d85958-e4f5-413c-87e9-bc99d200094f,Auth:1
a0d85958-e57b-4712-9cfd-9247a43af0f3,Auth:1
a0d85958-e5ff-4c00-ba08-ef9ef6b633c5,Auth:1
a0d85958-e748-4b19-bcf1-be6d9ac6a899,Auth:1
a0d85958-e839-49cf-abcb-8cb775e8db23,Auth:1
a0d85958-e8c4-4ccf-9d5d-f103ba32bce1,Auth:1
a0d85958-e94f-4c5c-b354-68af1a5f8aa2,Auth:1
a0d85958-eb24-4841-abf7-28aefde7d219,Auth:1
a0d85958-eb95-4472-8408-9910b7facda0,Auth:1
a0d85958-edd9-4d06-b506-90d64c39d8b0,Auth:1
a0d85958-ee6d-416b-8e24-e505f713cda4,Auth:1
a0d85958-ef7c-443b-93ef-c1194919ab23,Auth:1
a0d85958-f173-4c16-a922-178798afd97e,Auth:1
a0d85958-f1ed-43f0-8f12-9750ca20a953,Auth:1
a0d85958-f52b-47c0-9544-e99967e5edcb,Auth:1
a0d85958-f75f-4e48-8d53-a9f776c7df09,Auth:1
a0d85958-fa8d-4a7b-aef9-804284e249fb,Auth:1
a0d85958-fbd3-4eed-ab50-ad99956d178c,Auth:1
a0d85958-fde8-48cd-93bc-804f930b0de7,Auth:1
a0d85958-fe87-45a1-8dbb-d027e8ffdb13,Auth:1
a0d85958-ff73-47ac-bc08-441bc13bb2a5,Auth:1
a0d85959-001c-452d-961d-03e88996cb2a,Auth:1
a0d85959-00ae-4443-9ddb-d3526946e153,Auth:1
a0d85959-01fd-4150-9a34-88137769686d,Auth:1
a0d85959-02f2-4252-97d8-943456fb676a,Auth:1
a0d85959-06ef-4187-a39c-91daf12dd5da,Auth:1
a0d85959-0716-4ade-af03-2b88ad1eb892,Auth:1
a0d85959-074e-4508-be22-311519a21ad0,Auth:1
a0d85959-07e4-47b0-b2fe-c66061c77a4f,Auth:1
a0d85959-09aa-4dc9-ac59-4df14c490b86,Auth:1
a0d85959-0b16-4d8c-a22b-d82797f7ecfd,Auth:1
a0d85959-0be5-4893-9356-4fedbd0de917,Auth:1
a0d85959-0c6b-460c-9154-a0e3d37f9673,Auth:1
a0d85959-1024-4f2c-a420-47e62f352a67,Auth:1
a0d85959-10f7-48c1-a0fb-c44779d7694a,Auth:1
a0d85959-11d0-4606-ad45-84ac65758c43,Auth:1
a0d85959-146c-4b44-861a-b86fa89b2b88,Auth:1
a0d85959-14d1-4a99-bbfe-aff370778e83,Auth:1
a0d85959-1b15-4951-a094-5b31f940210f,Auth:1
a0d85959-1c37-4232-b586-514f737fb509,Auth:1
a0d85959-1d24-4e18-b988-521fd718e548,Auth:1
a0d85959-1ddb-4c89-9d7b-fd793e1c00fb,Auth:1
a0d85959-1e79-40d2-8aff-0956f19deba4,Auth:1
a0d85959-1eec-44f1-99c5-39648a1e6d8a,Auth:1
a0d85959-1f05-4dff-8460-86101dd8704b,Auth:1
a0d85959-1f46-4fba-9686-be7ab84d027e,Auth:1
a0d85959-1fb3-4358-92fe-8983b0ba314f,Auth:1
a0d85959-21af-4b1d-ae3f-a55269348338,Auth:1
a0d85959-22a8-4c98-b0db-0e3e5e44c1a7,Auth:1
a0d85959-233c-4881-bfbd-9aca938d954f,Auth:1
a0d85959-23c0-47b9-ac50-bd777c56aca8,Auth:1
a0d85959-241b-4ff6-a536-7b6a54bb9dd9,Auth:1
a0d85959-24fe-41cd-98c9-e9fd188db5d3,Auth:1
a0d85959-25fb-49ae-a47d-26329ab184c5,Auth:1
a0d85959-26df-469c-aa09-d466180cc951,Auth:1
a0d85959-2765-4545-8389-6b630b6f6d37,Auth:1
a0d85959-2832-47a5-aa03-f07aa9598ff1,Auth:1
a0d85959-294a-40b4-bbe8-3c2fb2dd99d7,Auth:1
a0d85959-29e8-407c-a4ef-a4558ae52563,Auth:1
a0d85959-2a9f-4881-9826-7b45f8409c90,Auth:1
a0d85959-2b78-4510-92d5-3de419c45f75,Auth:1
a0d85959-2c26-412f-b5e5-24210e63d0f9,Auth:1
a0d85959-2caf-4a27-9236-617b9995ff25,Auth:1
a0d85959-2d33-4a77-a0cb-a15193e2a2c6,Auth:1
a0d85959-2dd6-48cd-ab55-0381558ccc73,Auth:1
a0d85959-2e57-4665-b552-5d87d40efef4,Auth:1
a0d85959-2f16-4358-a544-967e57202d7d,Auth:1
a0d85959-2f93-4adb-8d5d-3cbb5d3f8b63,Auth:1
a0d85959-3027-481d-98d4-414a3a0e3c79,Auth:1
a0d85959-3113-4924-9fba-dd132835ec64,Auth:1
a0d85959-3223-46d7-84f0-865f6527c2ea,Auth:1
a0d85959-32d7-4dd6-b3c3-16ef50cf8a13,Auth:1
a0d85959-3351-4baa-aaa6-bdec8f85157e,Auth:1
a0d85959-3400-4999-b433-de5c028a63f6,Auth:1
a0d85959-34e2-4419-af79-cb422f38b5ea,Auth:1
a0d85959-35ad-4694-bdb9-ed5f709bb7d1,Auth:1
a0d85959-363c-459a-a1ad-55f58768aa28,Auth:1
a0d85959-388b-427a-a178-e693cdd799a8,Auth:1
a0d85959-39bc-4775-af2c-578a2a8a0a29,Auth:1
a0d85959-3c0c-4a57-9c0f-5cb81ebf71f9,Auth:1
a0d85959-3cf8-4110-a762-6784772d4ff8,Auth:1
a0d85959-4319-4ead-a737-fb51651badff,Auth:1
a0d85959-4399-4fec-b781-58cb33ea9258,Auth:1
a0d8596a-cc30-4e24-914d-62c300f7687d,App\Models\Company
a0d8596a-d0c0-406e-bffe-804507abbf47,App\Models\SatConsulta
a0d8596a-d1aa-423f-abf7-54138dacdac4,App\Models\SatConsulta:1
a0d8596f-0beb-4831-9083-4a894b118ef2,csfacturacion.com
a0d8596f-0dad-45cd-ac3e-fb9c31068c6e,App\Models\SatConsulta:1
a0d8596f-9d39-4f6f-8da4-9c1949acd37d,csfacturacion.com
a0d85977-da35-4dcb-b771-2bccfac9e399,csfacturacion.com
a0d85980-1018-4ef4-9286-76f129a2952c,csfacturacion.com
a0d85980-810c-4224-9fa8-004d0350f658,csfacturacion.com
a0d85980-82f7-45eb-aa3f-73ca83417cc2,App\Models\SatConsulta:1
a0d85981-1db9-4244-acf3-853f815be668,csfacturacion.com
a0d85982-7089-4f42-baa4-898d920d1ca7,csfacturacion.com
a0d85983-0e20-41a3-a4e3-0766b80ce827,csfacturacion.com
a0d85983-abd0-4bbe-9333-a78c867b41e4,csfacturacion.com
a0d85984-6de2-4234-b80d-86173c7fc7fd,csfacturacion.com
a0d85985-3543-4141-8bba-46d7aa0ca9fb,csfacturacion.com
a0d85985-d1e6-4786-8e04-43a9c71dc875,csfacturacion.com
a0d85986-74c6-4707-8523-b0c2173825c5,csfacturacion.com
a0d85987-0ef8-410f-abb9-2ec453a1c65d,csfacturacion.com
a0d85987-aa3c-4c6e-afd4-309bd37a3f82,csfacturacion.com
a0d85988-485b-420f-898d-5a3079efdce2,csfacturacion.com
a0d85988-e0b7-4099-92a1-85ffbe27c893,csfacturacion.com
a0d85989-7bf1-4dfb-babb-4f11a2ed802a,csfacturacion.com
a0d8598a-6ec6-4e15-9200-236b1f103f03,csfacturacion.com
a0d859c3-4622-486b-b0b7-d0fa6121e223,App\Models\SatConsulta:1
a0d859c6-9dd1-4eca-bcf1-30e34d1bad41,App\Models\SatConsulta:1
a0d860fc-4272-4f90-903f-81834a33af00,App\Models\User
a0d860fc-48eb-42d9-8bd8-7cbf8ba29070,Auth:1
a0d860fc-4bbb-4952-b289-1c63efe2f090,Auth:1
a0d860fc-4be2-4377-a744-527edb02bd6b,App\Models\Company
a0d860fc-4be2-4377-a744-527edb02bd6b,Auth:1
a0d860fc-4e59-4d27-b183-7ccf39db4a0f,Auth:1
a0d860fc-4ec1-434b-b0cd-56c3c31f6d10,App\Models\Company:1
a0d860fc-4ec1-434b-b0cd-56c3c31f6d10,App\Models\User:1
a0d860fc-4ec1-434b-b0cd-56c3c31f6d10,Auth:1
a0d860fc-4f56-46d8-9d4c-98eb436c5202,Auth:1
a0d860fc-5410-4057-a26b-e688ae2502ea,Auth:1
a0d860fc-5523-4d32-930d-0489678fc290,Auth:1
a0d860fc-565d-46cd-9663-9700f31752e0,Auth:1
a0d860fc-5ae1-46d1-9b38-26d3a24978ae,Auth:1
a0d860fc-6afd-4ef7-8a51-275eee58f4f8,Auth:1
a0d860fd-055d-435b-8987-526cc84156b0,Auth:1
a0d860fd-0c83-4b59-a329-8a29bf587698,Auth:1
a0d860fd-1158-4b8c-b83e-672e57d1ce3b,Auth:1
a0d86101-af0c-4acc-a983-78cc4ba666e9,Auth:1
a0d86102-4c1c-4ee0-b722-590484716baf,Auth:1
a0d86103-423e-4663-bb8b-d9f46c70f2a1,Auth:1
a0d86103-436e-4db5-b027-61b63eb2ee22,Auth:1
a0d86103-446d-4da5-ba8f-08ecde8532ca,Auth:1
a0d86103-453f-41f2-95a9-01d779f089bd,Auth:1
a0d86103-4610-4a30-8ad4-0dc7b7c5807b,Auth:1
a0d86103-46a6-499e-8f1c-ac4679d30991,Auth:1
a0d86103-482a-4158-a653-2219e18114da,Auth:1
a0d86103-49c5-421e-8919-3e2bb5bdb080,Auth:1
a0d86103-4aee-4015-8279-7e2c98d452bb,Auth:1
a0d86103-4bac-4dea-b171-9defdf8bcbfd,Auth:1
a0d86103-4c93-4c70-98b3-bd8349d4777b,Auth:1
a0d86103-63c1-48b9-849d-4810e4ceae94,Auth:1
a0d86103-9a7b-4ff0-85e5-ebbf7612d23d,Auth:1
a0d86103-9b51-45ff-b9b5-f751f77b6146,Auth:1
a0d86103-9c4e-4ee6-99df-2e3dcc7fab4a,Auth:1
a0d86103-9d1d-4e11-ab71-801ff82fe049,Auth:1
a0d86103-9ddc-4b0a-9ff2-b24d474def87,Auth:1
a0d86103-9f13-4975-9267-06e2abaa24bf,Auth:1
a0d86103-a505-4afd-b251-536d666cae36,Auth:1
a0d86103-ad1c-4d05-a9ae-3aed6df93fcc,Auth:1
a0d86103-ae0c-46c4-a323-10dd58fc9487,Auth:1
a0d86103-b036-4fe6-b686-5a60e667d448,Auth:1
a0d86103-b075-481d-b08d-a31e7de9b966,App\Models\Cfdi
a0d86103-b075-481d-b08d-a31e7de9b966,Auth:1
a0d86103-b141-459f-9cbe-1c5bc5c1e429,Auth:1
a0d86103-b173-4eaa-8ea5-c9e6027ed2b9,App\Models\CfdiEmisor
a0d86103-b173-4eaa-8ea5-c9e6027ed2b9,Auth:1
a0d86103-b26d-4deb-93c0-9ae3cb7023e6,Auth:1
a0d86103-b285-46c5-8517-4a83dcce6caf,App\Models\CfdiReceptor
a0d86103-b285-46c5-8517-4a83dcce6caf,Auth:1
a0d86103-f518-4a4f-b61f-4b07ded140a7,Auth:1
a0d86103-f53e-4d20-85ad-df21ea80d9c8,App\Models\TimbreFiscalDigital
a0d86103-f53e-4d20-85ad-df21ea80d9c8,Auth:1
a0d86103-f5d5-4747-85a9-cc9ff1a38d67,Auth:1
a0d86104-6847-420d-bb32-4fb6b5abc790,Auth:1
a0d86104-68cf-4d93-8aaf-3dc0024bdc31,Auth:1
a0d86104-6972-480f-993c-6463faa7a473,Auth:1
a0d86104-6e02-4d9c-aab1-e2e5af161ee3,Auth:1
a0d86104-6eb6-4740-8f61-161220d2411e,Auth:1
a0d86104-715d-44dd-9efb-4ddb186b1029,Auth:1
a0d86104-7433-4099-9121-ed01e5ce9b1a,Auth:1
a0d86104-750b-4a3f-af08-dd3215fffb9b,Auth:1
a0d86104-77cd-4120-8aa5-3525bfc8f7df,Auth:1
a0d86104-7821-4192-96e7-19db21c2bccc,Auth:1
a0d86104-79fe-41cc-b1fd-6d2428165bc7,Auth:1
a0d86104-7aa9-416e-b004-c4d298e554b9,Auth:1
a0d86104-7dd1-4f87-abb1-9f0506510625,Auth:1
a0d86104-7f05-47b1-bb3e-c0aab7975a9f,Auth:1
a0d86104-8173-4edb-8950-44914b30e391,Auth:1
a0d86104-8267-4ced-8ada-e0287f7a2ae6,Auth:1
a0d86104-8452-42b5-baaf-ec2585733fa3,Auth:1
a0d86104-859b-4225-b3ad-f3daeaffb1dd,Auth:1
a0d86104-87ad-48b7-ac4f-62828308c74a,Auth:1
a0d86104-8907-4356-a1f0-bde10d9e24af,Auth:1
a0d86104-89a9-4fa8-bf87-a465d719aa40,Auth:1
a0d86104-8aff-4e52-b748-219eb44a3cca,Auth:1
a0d86104-8bd0-47ab-ba34-78b9c1f20ba3,Auth:1
a0d86104-8c64-425a-8042-2837037a766d,Auth:1
a0d86104-8dcd-4a1b-8a93-9eee2211805a,Auth:1
a0d86104-8e68-4a44-8101-c67717902190,Auth:1
a0d86104-8fbb-4d82-a7b6-6c751a220dbd,Auth:1
a0d86104-90aa-437c-a202-d0528c7cd4a7,Auth:1
a0d86104-9135-4c7f-8cf6-40561981f226,Auth:1
a0d86104-9283-4787-b755-29e09e31139d,Auth:1
a0d86104-939f-4929-94ac-bc92f912531a,Auth:1
a0d86104-94c2-44d2-ae7f-02305f0265f0,Auth:1
a0d86104-96bb-4187-b573-38bec5725a23,Auth:1
a0d86104-99eb-4495-9934-842cb981b9a5,Auth:1
a0d86104-9ab9-49c1-967e-55aeb8bbd819,Auth:1
a0d86104-9baf-4448-b91c-66e684fe088c,Auth:1
a0d86104-9c67-4649-afa2-8a1374b45a1f,Auth:1
a0d86104-9cb0-4932-a0a2-e748eeb35da9,Auth:1
a0d86104-9e64-4a1b-9b46-f3ce6d43a742,Auth:1
a0d86104-c8d1-4803-80e5-995a2528ab67,Auth:1
a0d86104-cace-4d6d-b466-73a247ed4f7e,Auth:1
a0d86104-cc7a-49da-ba50-e4acf834e0a7,Auth:1
a0d86104-d281-4d71-8b83-7a384078faf9,Auth:1
a0d86104-d376-4216-967c-df229f94a80b,Auth:1
a0d86104-d429-4a95-aa62-4662d31208a3,Auth:1
a0d86104-d636-458e-8002-200fd64fefc9,Auth:1
a0d86104-d747-4a43-96dd-63a1ec0029d6,Auth:1
a0d86104-d80f-4dbb-9263-4cca3e5179f7,Auth:1
a0d86104-d9b3-4662-bbe0-2a4f4acb2fa4,Auth:1
a0d86104-da90-4a22-83fd-16fd0c55a980,Auth:1
a0d86104-db2f-49ae-a5d5-b003525fc5a2,Auth:1
a0d86104-dc55-41c6-9ba5-f5c81b898c73,Auth:1
a0d86104-dd19-471f-8b9f-9e2dbaf92f2f,Auth:1
a0d86104-ddcd-49bf-84d1-1877addb50c2,Auth:1
a0d86104-dff3-40cb-b39f-00b141511b9f,Auth:1
a0d86104-e0be-42c1-abca-e49794d7f4ee,Auth:1
a0d86104-e1b5-4a68-9e4f-8f5119796120,Auth:1
a0d86104-e307-467d-8c47-b7e49b72e0bd,Auth:1
a0d86104-e3c9-4226-8ade-c22facb44fe1,Auth:1
a0d86104-e463-4298-8017-bd3045dfe40f,Auth:1
a0d86104-e5b5-44ab-a72e-59827c58638d,Auth:1
a0d86104-e685-4ea5-9183-5e19c5df13ab,Auth:1
a0d86104-e749-47c5-844e-d48b1bdd0541,Auth:1
a0d86104-e89d-41e6-88f1-e881a2caa79e,Auth:1
a0d86104-e9cf-4fd7-8c94-c7d557f64a64,Auth:1
a0d86104-ea64-473c-976e-fe883ef35506,Auth:1
a0d86104-eb90-4460-ba8d-10639e016f21,Auth:1
a0d86104-ec37-4f98-b7ee-9987712700fc,Auth:1
a0d86104-ecd1-42e8-ad42-f83a2c7da3a6,Auth:1
a0d86104-ed18-4083-b92b-1c0a8f56e3d4,Auth:1
a0d86104-ee8f-4ba2-91fb-21b877f30b89,Auth:1
a0d86104-eeee-4214-991c-531a9789d52a,Auth:1
a0d86104-ef7c-4b9b-938d-88d4ab4b2471,Auth:1
a0d86104-efeb-45bd-8826-8c79cbe54a63,Auth:1
a0d86104-f0d2-41ce-8d29-a674684e7db8,Auth:1
a0d86105-059c-44ce-9deb-6178482d3c6a,Auth:1
a0d86105-511b-4b4d-959a-98343b963ba6,Auth:1
a0d86105-51ec-4639-8f9a-1b38dcc617d4,Auth:1
a0d86105-5286-4f4b-bbe1-fefd2350867f,Auth:1
a0d86105-52df-4adf-914e-1b6cf8994be7,Auth:1
a0d86105-533e-40de-b1eb-823dfd863a40,Auth:1
a0d86105-53e8-47a8-b5f4-4bd1ac2e984f,Auth:1
a0d86105-5535-47bc-8946-08b19ece06ed,Auth:1
a0d86105-5625-424e-b20c-d024e363536a,Auth:1
a0d86105-56ff-4772-81e2-b4cb99b80788,Auth:1
a0d86105-592d-4097-a22b-7436a8498ec0,Auth:1
a0d86105-59f3-4ac1-b839-28377241f5f7,Auth:1
a0d86105-5b30-4b2d-b04d-cea76b0e9233,Auth:1
a0d86105-5da1-450e-aeab-c44f7fd84629,Auth:1
a0d86105-5e59-4e21-93e2-75c0f27883be,Auth:1
a0d86105-636a-4d21-9c11-fcfa9a80d9b8,Auth:1
a0d86105-647d-4073-a7be-c285cc09fcc5,Auth:1
a0d86105-6536-4554-9b9e-f67b1a3ded1f,Auth:1
a0d86105-6580-477f-bbd8-a1da48a5a895,Auth:1
a0d86105-662c-4aaf-8264-bcaf7644de91,Auth:1
a0d86105-6761-41bc-94db-b6f518d6a095,Auth:1
a0d86105-6800-43d5-b6df-b2e1a6b106ac,Auth:1
a0d86105-6909-4c15-ac01-a24cfc3cb1ef,Auth:1
a0d86105-6a07-4795-b0e2-c762bc5d4b8a,Auth:1
a0d86105-6fd3-4ab5-ba03-3e343f6be235,Auth:1
a0d86105-76dc-4973-b12a-db2f174dc4f0,Auth:1
a0d86105-7b9b-4c91-b58c-be53a76a24e9,Auth:1
a0d86105-7ecc-464b-9719-05804dd548bc,Auth:1
a0d86105-7fd1-4952-9a8b-7c39abcbf597,Auth:1
a0d86105-8125-413e-aa56-9e6178acf341,Auth:1
a0d86105-8258-4fd6-be30-f2ca3c206a29,Auth:1
a0d86105-83a5-49a4-8270-f4802a7b4748,Auth:1
a0d86105-85cd-467f-a258-7319180e2ca5,Auth:1
a0d86105-8702-4a8f-9dcf-1fef74b2bbea,Auth:1
a0d86105-8cac-4652-8bb7-df4f5a6ab3df,Auth:1
a0d86105-8cfb-45dd-b129-4d0e10a1335b,Auth:1
a0d86105-8d9e-4126-b0fe-8c57689cf9b4,Auth:1
a0d86105-8ebd-438e-9a25-aa8463b5db75,Auth:1
a0d86105-9170-452e-ab87-b08e6bde9310,Auth:1
a0d86105-933c-443d-b5c3-50627ba9523c,Auth:1
a0d86105-9567-42f6-9bb6-65436befab23,Auth:1
a0d86105-9650-48b1-bc55-9551e7963be7,Auth:1
a0d86105-9a26-432d-8d88-298400b722e2,Auth:1
a0d86105-9b02-47f0-a249-92cd6fae93f3,Auth:1
a0d86105-9bb9-419f-a0d9-32e44bfb4f3c,Auth:1
a0d86105-9e41-42a9-b443-279d763dcb09,Auth:1
a0d86105-9f41-418e-a3a7-88bccd266a5f,Auth:1
a0d86105-a31e-46c0-8c7a-d75b534e9746,Auth:1
a0d86105-a448-4964-afbe-318073862494,Auth:1
a0d86105-a5df-46ce-84d1-3188b0981e94,Auth:1
a0d86105-a73d-4cb5-916f-7260d68ad087,Auth:1
a0d86105-a7c6-46af-8c6c-a06c7615cfd0,Auth:1
a0d86105-a87b-43ab-878e-0eaa94595257,Auth:1
a0d86105-a897-46c3-9e4b-6790a8383117,Auth:1
a0d86105-a8d6-418b-ba65-b88b406b012a,Auth:1
a0d86105-a948-4089-9acb-488da3479954,Auth:1
a0d86105-ab5c-46b7-8f33-0e185022b44b,Auth:1
a0d86105-abbf-4542-bf78-9bdd0226b53d,Auth:1
a0d86105-abfc-414a-9ad0-cd987f90a7d5,Auth:1
a0d86105-ac6e-475a-8919-815f24f437c6,Auth:1
a0d86105-ac9f-4c19-bce3-25d5145a1e5c,Auth:1
a0d86105-ad0a-4d8a-8c62-1d26ce36cfee,Auth:1
a0d86105-ae4d-4e15-bf42-e3717b417824,Auth:1
a0d86105-b045-4489-a8bd-ff9d0f1f17a3,Auth:1
a0d86105-b153-4ddb-b2bd-c3b4b704993d,Auth:1
a0d86105-b27a-4fac-b1d0-7d837e0b9686,Auth:1
a0d86105-b37c-421f-be6c-b3fd7ae7665d,Auth:1
a0d86105-b4ca-4ab1-af2f-16434da2914b,Auth:1
a0d86105-b56e-48c4-abee-f49ede3c262f,Auth:1
a0d86105-b636-497d-8608-8f3adc1c1eda,Auth:1
a0d86105-b729-4b36-9b6a-d2a404f923d0,Auth:1
a0d86105-b816-4a88-b930-af9e3e9cd6e0,Auth:1
a0d86105-b8ec-42d0-8958-e90d43392a8b,Auth:1
a0d86105-b9fe-4cbd-b0c9-21cd5067e684,Auth:1
a0d86105-bb1e-4021-8224-53c8b649c327,Auth:1
a0d86105-bbdc-40c3-b024-ae3378b0560a,Auth:1
a0d86105-bd12-4abc-8d91-58e3382edd7f,Auth:1
a0d86105-be33-48c7-ba86-3eb20f29e4e7,Auth:1
a0d86105-bf6f-4add-83f4-8f63b1d0a0f9,Auth:1
a0d86105-c645-4531-8af7-f195eb870bb8,Auth:1
a0d86105-c710-4235-9883-d456bde65b4c,Auth:1
a0d86105-c7e9-4bec-8398-7b711ad233a1,Auth:1
a0d86105-c8b9-4b93-9479-61890fba2277,Auth:1
a0d86105-ca11-47da-a1e8-7829885719b2,Auth:1
a0d86105-cb4b-4554-b895-63aa527477ae,Auth:1
a0d86105-cc97-4b1f-8c20-dfe73cf0a0a8,Auth:1
a0d86105-ce92-4717-8f5c-913a8c28ca5f,Auth:1
a0d86105-d05a-4163-8313-f3a526228c3a,Auth:1
a0d86105-d3af-45d5-b0f8-83662a3c813c,Auth:1
a0d86105-d563-462f-aa66-a48d107ce67b,Auth:1
a0d86105-db40-4d83-a5d9-c51429c2f13f,Auth:1
a0d86105-db97-4bf6-a070-158f537da377,Auth:1
a0d86109-b033-4fa2-9a30-d1acf6b14729,App\Models\User
a0d86109-b2b1-4f58-97b3-38963707356c,Auth:1
a0d86109-b4f4-4113-86b8-b0fdd8819bcd,Auth:1
a0d86109-b514-4085-8375-1317f56962ed,App\Models\Company
a0d86109-b514-4085-8375-1317f56962ed,Auth:1
a0d86109-b6f7-4d3e-b551-c4f3ec832abe,Auth:1
a0d86109-b72f-4408-a422-6ffee6d427c0,App\Models\Company:1
a0d86109-b72f-4408-a422-6ffee6d427c0,App\Models\User:1
a0d86109-b72f-4408-a422-6ffee6d427c0,Auth:1
a0d86109-b78e-4551-986b-e547a46f3140,Auth:1
a0d86109-c0dd-4904-aada-00299261b1e2,Auth:1
a0d86109-c330-45df-90e1-b2bef11ccf35,Auth:1
a0d86109-c5b1-461d-86de-2296e7d3e047,Auth:1
a0d86109-c984-4810-823c-d85f98031033,Auth:1
a0d86109-ce4a-4640-a8bc-6fced12bbbed,Auth:1
a0d86109-ef64-4544-8e1f-4f5b284258d4,Auth:1
a0d86109-f2d7-474a-b97f-4cc4d3f4c4e0,Auth:1
a0d86109-f5ec-42c5-b364-c2de9a892c8b,Auth:1
a0d86109-f7c6-4260-988b-60d770bbcdff,Auth:1
a0d86109-f883-4d88-8aff-512dd07d1d5c,Auth:1
a0d86109-fa4f-44d3-ac1a-b17347ada861,Auth:1
a0d86109-fabc-474d-ac41-0a34d5bf2dfd,Auth:1
a0d86109-fb53-4d75-8460-0e3d344e1e0f,Auth:1
a0d86109-fbb1-48c2-80bd-69b4121fc4ff,Auth:1
a0d86109-fc38-4bfc-a73f-0d7d000ad0e8,Auth:1
a0d86109-fc90-46c8-90c4-2c8884f1cebf,Auth:1
a0d86109-fd28-4613-b4f3-629a6955c9d7,Auth:1
a0d86109-fd8c-46a0-b71f-4083324c633a,Auth:1
a0d86109-fe5a-4ea0-a5a7-1c28c7f99686,Auth:1
a0d86109-feee-4b42-a403-474dfabdb72b,Auth:1
a0d86109-ff97-4daa-9186-719f954cf4c8,Auth:1
a0d8610a-004a-47e4-ac06-cfe438cda6be,Auth:1
a0d8610a-00c3-49c8-8d95-cd30120ca33e,Auth:1
a0d8610a-0136-44ce-a565-1ee7ab18ac16,Auth:1
a0d8610a-01d3-4375-b6f9-d7df2ff3d508,Auth:1
a0d8610a-025d-4932-a98d-9a485fb6422d,Auth:1
a0d8610a-02e7-4a78-a1de-aeef82f194e6,Auth:1
a0d8610a-041f-4822-a130-4d4f3913cd6a,Auth:1
a0d8610a-0960-4fdd-adc2-64a5b125aa56,Auth:1
a0d8610a-0d26-492b-a154-bd36e65ec51d,Auth:1
a0d8610a-0e08-492f-97c8-c5d9d5548454,Auth:1
a0d8610a-0efa-4fa1-83a9-43889e9b49d2,Auth:1
a0d8610a-0f17-473d-aaf4-1511c9b5d4ff,App\Models\Cfdi
a0d8610a-0f17-473d-aaf4-1511c9b5d4ff,Auth:1
a0d8610a-0f6f-43e5-8d55-d39ee92a897f,Auth:1
a0d8610a-0f85-4539-b2c3-805e5baf2956,App\Models\CfdiEmisor
a0d8610a-0f85-4539-b2c3-805e5baf2956,Auth:1
a0d8610a-10c5-48b7-8fc9-3b3902a783ca,Auth:1
a0d8610a-10ef-4caf-98e4-0bdcae262df5,App\Models\CfdiReceptor
a0d8610a-10ef-4caf-98e4-0bdcae262df5,Auth:1
a0d8610a-14ed-4faf-bf49-7fa82b8fc659,Auth:1
a0d8610a-1551-4762-92df-9f5128f200bf,App\Models\TimbreFiscalDigital
a0d8610a-1551-4762-92df-9f5128f200bf,Auth:1
a0d8610a-162d-40f7-9e7a-0adcb33ea198,Auth:1
a0d8610a-17d3-4bc7-8755-333ae81ac9d0,Auth:1
a0d8610a-18a2-4c31-99d5-39ba2e84e5fd,Auth:1
a0d8610a-19c2-42f5-9245-687641f75f0c,Auth:1
a0d8610a-1aa2-43d3-a9bb-2f60a7abde9a,Auth:1
a0d8610a-1b07-4d10-b92d-49208ad4a2b6,Auth:1
a0d8610a-1eb7-4f6c-b2b5-611164aa192a,Auth:1
a0d8610a-200b-40bd-96ec-f5c1e886109e,Auth:1
a0d8610a-2076-43ac-8c4e-1617a1b98cc2,Auth:1
a0d8610a-2247-4430-b5d7-fb39cd9ed4ab,Auth:1
a0d8610a-2280-4a16-9141-f1b8806f2c7b,Auth:1
a0d8610a-232e-4170-9c31-abdb55810450,Auth:1
a0d8610a-23b1-457c-b173-bf8e647850c9,Auth:1
a0d8610a-2616-425c-9688-e5500438064b,Auth:1
a0d8610a-26c8-4fd5-9ce6-08e6a02ad9f5,Auth:1
a0d8610a-2805-4402-940f-76e55bfffeaf,Auth:1
a0d8610a-2911-457e-8f8e-b4f49e6dd724,Auth:1
a0d8610a-2a89-457a-be6b-7aa31c5d2bc4,Auth:1
a0d8610a-2b41-4a91-becb-3c81b5128d9c,Auth:1
a0d8610a-2ca1-4302-90e5-c0198e9fb035,Auth:1
a0d8610a-2d7c-47b0-8d98-0d69033a8893,Auth:1
a0d8610a-2e7b-4361-bad1-38debb3c8a7c,Auth:1
a0d8610a-2fa0-4702-9f7e-e2b143c3ddda,Auth:1
a0d8610a-303a-4679-9007-85182c03931a,Auth:1
a0d8610a-308c-4604-8734-6c3e30d45878,Auth:1
a0d8610a-3137-40ee-bd7b-6d1394b70dec,Auth:1
a0d8610a-320f-4c5e-885d-49e1da1e9732,Auth:1
a0d8610a-333c-4652-890f-1b15539dff58,Auth:1
a0d8610a-33f5-4cdc-9524-75437af9e0c5,Auth:1
a0d8610a-34d2-43f9-934c-7a6b47aead08,Auth:1
a0d8610a-357e-46eb-b9c3-cde56edb53a3,Auth:1
a0d8610a-3678-4ca7-bf29-864981a52d15,Auth:1
a0d8610a-37a6-4356-bc0a-75ef11673c84,Auth:1
a0d8610a-399f-41c6-8329-6f67d021ec98,Auth:1
a0d8610a-3d35-4039-8740-3ffd7f1db294,Auth:1
a0d8610a-3e0d-4ce5-b8ad-684952ead503,Auth:1
a0d8610a-3efd-4d04-9405-642ca8130097,Auth:1
a0d8610a-3fb4-4851-b0b4-c0ae32d51fff,Auth:1
a0d8610a-4056-480b-9857-617aaab7ecf9,Auth:1
a0d8610a-4129-45fd-8641-f7015a6415a3,Auth:1
a0d8610a-4a1b-435e-a989-a800e834dde1,Auth:1
a0d8610a-4b4f-4089-b4b1-337b25599571,Auth:1
a0d8610a-4c03-4964-9495-04d408d00d1d,Auth:1
a0d8610a-4f56-4e14-9cd3-3047c0f24a3d,Auth:1
a0d8610a-5182-403d-a0e4-9d4e196cf272,Auth:1
a0d8610a-525a-4f04-8296-c0a257278a50,Auth:1
a0d8610a-5460-4fe3-88fc-44d9fbb6f932,Auth:1
a0d8610a-54fe-4352-bca1-b5b67caf45cf,Auth:1
a0d8610a-5585-4703-9c83-ab81ec780a26,Auth:1
a0d8610a-56e7-43ca-a71b-250611378962,Auth:1
a0d8610a-57b6-464e-98be-3280ea6db80a,Auth:1
a0d8610a-583e-4156-9db4-ebd6e39eb14e,Auth:1
a0d8610a-5abd-4132-8936-a5fcc80941ad,Auth:1
a0d8610a-5b69-411f-8925-30e4fea5af06,Auth:1
a0d8610a-5bed-4978-8bf7-9229aaa344e0,Auth:1
a0d8610a-5cde-41eb-a163-014e88001240,Auth:1
a0d8610a-5d87-4348-8544-73e4e3a8b477,Auth:1
a0d8610a-5e0a-499a-b20f-bca075fcde95,Auth:1
a0d8610a-5ef4-48ae-ab31-026769c0e9ef,Auth:1
a0d8610a-5f79-4b13-afca-12bc735bfc0a,Auth:1
a0d8610a-5ff5-4c4f-9196-300dc61b9c6c,Auth:1
a0d8610a-618e-4ff2-acde-8c8761b48124,Auth:1
a0d8610a-622d-4ab6-9115-52003710d664,Auth:1
a0d8610a-62c5-4bde-bea4-70283cb68147,Auth:1
a0d8610a-640a-4209-80aa-52d834b3a11e,Auth:1
a0d8610a-64df-4071-8da6-4daa8e247bd6,Auth:1
a0d8610a-656c-45cd-932a-c38efc0f8112,Auth:1
a0d8610a-6682-4acf-9921-ab006a7f8c68,Auth:1
a0d8610a-672a-43d4-afc9-cda9c6c369aa,Auth:1
a0d8610a-67a1-4223-be64-2a2b0cd2f0b1,Auth:1
a0d8610a-67ec-431a-b24f-566b0abd6b87,Auth:1
a0d8610a-68cb-4c44-93fc-bd3bdd384b7c,Auth:1
a0d8610a-691d-4154-beb4-4d55ecd2f931,Auth:1
a0d8610a-69c6-44fe-96e1-94b60694a3b1,Auth:1
a0d8610a-69fd-409a-9a67-e62d42793203,Auth:1
a0d8610a-6a98-424c-8a3e-b3e6dd9b4352,Auth:1
a0d8610a-6b2f-4398-9e51-5426cea1fc7a,Auth:1
a0d8610a-6bd9-4dbc-9f1b-7ab6faf1f10d,Auth:1
a0d8610a-6cdc-4baa-82cd-cb34451d78c8,Auth:1
a0d8610a-6dfe-4fe8-92f4-43f9209d899a,Auth:1
a0d8610a-6e80-4d9c-b837-ea3bba74b34a,Auth:1
a0d8610a-6f36-41ad-8e66-f362a2efd712,Auth:1
a0d8610a-6fd6-4daf-b200-8fe6d5bcb298,Auth:1
a0d8610a-7089-4365-b2cc-a10655850ef1,Auth:1
a0d8610a-711d-4861-978e-78d08ea4b7b4,Auth:1
a0d8610a-71e0-4808-bd01-4fb0189e3a18,Auth:1
a0d8610a-7361-4458-8869-b012d5506c55,Auth:1
a0d8610a-742f-4961-a186-e9cb335aae0a,Auth:1
a0d8610a-74d9-4dc2-b581-fe9669cec992,Auth:1
a0d8610a-77b2-497f-9465-b1930af102ba,Auth:1
a0d8610a-7849-4fee-98fc-f8710f621b08,Auth:1
a0d8610a-7a03-4b65-ae20-e24b7cf81cbe,Auth:1
a0d8610a-7b5b-41cc-87c3-4bf35e350e6e,Auth:1
a0d8610a-7d37-47cd-9832-aaee4f41514b,Auth:1
a0d8610a-7e00-477b-955d-7fc9a84bf890,Auth:1
a0d8610a-7eac-4062-b231-81382c9c8e98,Auth:1
a0d8610a-7faa-461c-b2f2-8da40a937f26,Auth:1
a0d8610a-8028-4c57-a545-d0cec72d4315,Auth:1
a0d8610a-8112-4129-b431-e2f1a256ef48,Auth:1
a0d8610a-81dc-4087-a516-72485caf3e44,Auth:1
a0d8610a-866b-4e86-b3a5-781424923067,Auth:1
a0d8610a-8eb0-4e63-9bc2-89d8c254f637,Auth:1
a0d8610a-90cc-4ac5-89e8-794b42f220ed,Auth:1
a0d8610a-92d4-4a13-8f81-9b665b6b85a7,Auth:1
a0d8610a-93b3-4d5d-9ce9-03c3adab9378,Auth:1
a0d8610a-9589-4feb-b84b-7a75792bc2b5,Auth:1
a0d8610a-96e9-409d-825f-1a476785bd43,Auth:1
a0d8610a-97a7-4324-8523-2af07c620bf5,Auth:1
a0d8610a-993b-4f27-9bbf-5b6c0753423b,Auth:1
a0d8610a-99df-4045-ad7f-d849362928cd,Auth:1
a0d8610a-9d2d-469a-bc92-cc131b33682d,Auth:1
a0d8610a-9d4c-40b8-9d75-37247f97743b,Auth:1
a0d8610a-9d84-4b12-83c0-71818f2beaa9,Auth:1
a0d8610a-9ec3-4961-b03a-e4f29e30f9a2,Auth:1
a0d8610a-a111-479b-b6c9-9a3368c8f1a5,Auth:1
a0d8610a-a221-4ecd-a2e8-e3c142024542,Auth:1
a0d8610a-a363-45b4-831d-d02a294e3c4a,Auth:1
a0d8610a-a3d8-4cdd-8e53-0c6c7a6408be,Auth:1
a0d8610a-a58d-4cb5-9542-29b8f8fde224,Auth:1
a0d8610a-a61e-4cda-8400-f319a48f9957,Auth:1
a0d8610a-a6c3-409f-80c8-2d0915021b15,Auth:1
a0d8610a-a9b3-425e-954a-421d31745c69,Auth:1
a0d8610a-aa0a-4044-9e37-d323d897a7ba,Auth:1
a0d8610a-acf1-4cbc-bca3-f99e988e5cc2,Auth:1
a0d8610a-ad87-4b53-b7b3-5217a267e9d0,Auth:1
a0d8610a-ae5d-45b7-83ad-dc7ec69826e5,Auth:1
a0d8610a-af07-4749-a052-f72f74c7164c,Auth:1
a0d8610a-af91-42c0-99ed-06bc63150b31,Auth:1
a0d8610a-afe7-4ff3-a985-bf5d506c7feb,Auth:1
a0d8610a-affc-44e5-96a6-5b7985e9f669,Auth:1
a0d8610a-b022-4c97-9887-68c0cbf1d19f,Auth:1
a0d8610a-b052-4333-833e-cececbe3b1eb,Auth:1
a0d8610a-b194-4789-a422-c5d6c5b8e085,Auth:1
a0d8610a-b21f-46eb-9b20-ea2b903e3986,Auth:1
a0d8610a-b263-4dab-b643-5dd295de8912,Auth:1
a0d8610a-b2da-4ba8-adfb-850fabef4727,Auth:1
a0d8610a-b374-46d1-adfd-96d6f7738030,Auth:1
a0d8610a-b477-4ec1-902c-0f5919a7ddb2,Auth:1
a0d8610a-b580-45d4-8f5d-6d92f391c26c,Auth:1
a0d8610a-b718-4b7c-913d-a7b41fcd1998,Auth:1
a0d8610a-b7f2-45e6-8eed-1e0c522ac1cc,Auth:1
a0d8610a-ba8e-4861-8b03-f1a7488d5713,Auth:1
a0d8610a-bb94-4ba2-9d09-f61b3b3e75d7,Auth:1
a0d8610a-bc98-46b7-a5d6-8ed18ff2a2b3,Auth:1
a0d8610a-bd9a-4858-90d5-2d3e7d6f0c55,Auth:1
a0d8610a-be0d-44dc-b45f-4ec365cb0a1a,Auth:1
a0d8610a-bed8-46bc-9050-86288b692cc6,Auth:1
a0d8610a-bf6b-4e5c-b17e-8397e40744fd,Auth:1
a0d8610a-bff3-443e-abf6-f38c14ccda26,Auth:1
a0d8610a-c116-4d1f-9531-2bdce6a6d3a5,Auth:1
a0d8610a-c1ac-48db-a2e3-10540fcf2407,Auth:1
a0d8610a-c23e-4a31-a728-07b885acbb3d,Auth:1
a0d8610a-c314-45fa-aad3-831e02f22255,Auth:1
a0d8610a-c439-433e-9ee2-9a3fd84c2b32,Auth:1
a0d8610a-c55f-4304-a218-3e9432c09515,Auth:1
a0d8610a-c607-40bc-a660-01526f80e409,Auth:1
a0d8610a-c763-4b69-8ed6-288a9fd78d21,Auth:1
a0d8610a-c861-4213-ae01-648840858f48,Auth:1
a0d8610a-c960-4511-8f24-f7934c671956,Auth:1
a0d8610a-ca64-4f0f-bdfd-4dfb3c6a9410,Auth:1
a0d8610a-cb05-47c5-b037-d7f59bd5d5ac,Auth:1
a0d8610a-cc18-4e24-8871-eeefa2d89f69,Auth:1
a0d8610a-ce4e-4262-80fc-479a07e6c197,Auth:1
a0d8610a-cfdb-4e8a-9056-820521e4cc48,Auth:1
a0d8610a-d17a-49a3-9014-0d8390926bc0,Auth:1
a0d8610a-d31c-4d0f-b65a-b807ee725f46,Auth:1
a0d8610a-de8c-48d4-ae82-8787e2dee164,Auth:1
a0d8610a-dedd-4d0e-9f93-fffa351db44f,Auth:1
a0d8614c-5ba5-4859-8236-c6b96fea3c26,App\Models\User
a0d8614c-5dd2-463b-9ebf-a95e1d9d6719,Auth:1
a0d8614c-605f-4bbd-8478-7eae87506bee,Auth:1
a0d8614c-6083-42d7-b01f-d9f7d3f35fde,App\Models\Company
a0d8614c-6083-42d7-b01f-d9f7d3f35fde,Auth:1
a0d8614c-62de-48fe-a6f1-58d551eea5db,Auth:1
a0d8614c-6323-433e-be63-827d13bcf124,App\Models\Company:1
a0d8614c-6323-433e-be63-827d13bcf124,App\Models\User:1
a0d8614c-6323-433e-be63-827d13bcf124,Auth:1
a0d8614c-639e-446a-9873-b976fa33d5bf,Auth:1
a0d8614c-6720-4ea2-9270-809fcbeb4d19,Auth:1
a0d8614c-6843-406e-b417-069f6773ea11,Auth:1
a0d8614c-6970-4036-926c-08f2aac90ece,Auth:1
a0d8614c-6cdc-44c0-9da2-da97e4ffc3b3,Auth:1
a0d8614c-738b-4899-9b3c-1eecf63e3063,Auth:1
a0d8614c-96f3-4381-a27d-8b1e76e4a245,Auth:1
a0d8614c-9961-4886-85d3-de666fae18b1,Auth:1
a0d8614c-9c57-4032-97c8-83e3fe3ba639,Auth:1
a0d8614c-9dd4-4582-b6c1-7de8ebd99ecf,Auth:1
a0d8614c-9e81-493f-a556-dfadf081a0e4,Auth:1
a0d8614c-9f80-4bd2-b87b-56ea1c44c491,Auth:1
a0d8614c-9fde-42db-a083-417915a51a08,Auth:1
a0d8614c-a05f-4ffa-afea-077f40e334da,Auth:1
a0d8614c-a0b6-44f1-a682-87f6bb01b4af,Auth:1
a0d8614c-a12f-4e5b-9335-bda99e2f7625,Auth:1
a0d8614c-a188-4f49-a081-bcac862e839a,Auth:1
a0d8614c-a22c-47f2-b207-617abb757852,Auth:1
a0d8614c-a2a3-4001-8bee-b296b1944636,Auth:1
a0d8614c-a31f-4311-ab22-32c5fecaf65d,Auth:1
a0d8614c-a379-4f82-aa93-5a79f884f2dd,Auth:1
a0d8614c-a3f0-4db1-9023-f53c0d5925d8,Auth:1
a0d8614c-a484-4743-acbf-21979de464a2,Auth:1
a0d8614c-a4f2-42cf-8a3e-c1afb91b3a9f,Auth:1
a0d8614c-a54b-485a-b9c1-bf99d2ee9033,Auth:1
a0d8614c-a5ee-45ec-a2c9-9ced309929d4,Auth:1
a0d8614c-a679-49c2-bdfa-7014a5df0a00,Auth:1
a0d8614c-a6d9-469a-abfe-0637dafd0528,Auth:1
a0d8614c-a7b6-4e1b-8edf-212594c5db7b,Auth:1
a0d8614c-ad9c-4b65-aa46-a33f491ccfa6,Auth:1
a0d8614c-afe1-401d-8668-85fb9113b0f9,Auth:1
a0d8614c-b0b8-4245-ae71-8e8c9d2ea87b,Auth:1
a0d8614c-b194-4ba7-90ce-76d607c6eac7,Auth:1
a0d8614c-b1b2-4058-8dfe-3ee47998c3a3,App\Models\Cfdi
a0d8614c-b1b2-4058-8dfe-3ee47998c3a3,Auth:1
a0d8614c-b22c-44fe-963b-2549d98f404c,Auth:1
a0d8614c-b243-436f-ad84-541f9f89ee01,App\Models\CfdiEmisor
a0d8614c-b243-436f-ad84-541f9f89ee01,Auth:1
a0d8614c-b2f3-4e9d-9ebf-fb4014cb0327,Auth:1
a0d8614c-b30e-4c27-9ac4-d36ec0e3529d,App\Models\CfdiReceptor
a0d8614c-b30e-4c27-9ac4-d36ec0e3529d,Auth:1
a0d8614c-b56d-4129-891f-b6e03be3487d,Auth:1
a0d8614c-b592-406f-a83a-36186b65b95e,App\Models\TimbreFiscalDigital
a0d8614c-b592-406f-a83a-36186b65b95e,Auth:1
a0d8614c-b608-4b74-8459-ef3fd41ef144,Auth:1
a0d8614c-b790-4542-82bb-ea1aba761a2b,Auth:1
a0d8614c-b836-43a5-ad69-d251a6364d12,Auth:1
a0d8614c-b8ff-479f-91d0-4f84fc28ff68,Auth:1
a0d8614c-b9b4-4ed4-8ae5-23f57be651e4,Auth:1
a0d8614c-ba16-4379-9a4a-740e3136f3b4,Auth:1
a0d8614c-bca3-4065-b7e3-babbc68050d2,Auth:1
a0d8614c-bd80-435d-ac55-4c4240b8e34a,Auth:1
a0d8614c-bde2-4575-ba99-4b2d9aae3f1d,Auth:1
a0d8614c-bff9-43e0-bccf-4d7eb3680184,Auth:1
a0d8614c-c035-4d2a-b7e2-223bd4800102,Auth:1
a0d8614c-c0a3-4268-9e75-777cfda8c059,Auth:1
a0d8614c-c108-4dde-bc8e-343f54882802,Auth:1
a0d8614c-c470-43a8-9867-d0d13655fe43,Auth:1
a0d8614c-c56c-49a2-8346-0f9fb454acd9,Auth:1
a0d8614c-c6c8-40a7-a632-1a897775ae23,Auth:1
a0d8614c-c83f-4666-ba7d-9cd43ceb6f7b,Auth:1
a0d8614c-ca55-49e8-b9a3-206d3d4859d4,Auth:1
a0d8614c-cb41-4142-9b73-eaf35399332d,Auth:1
a0d8614c-cc9d-452c-89a5-8138d01ce828,Auth:1
a0d8614c-cdea-4ef2-b45f-cb18818557a9,Auth:1
a0d8614c-ced9-43c4-926e-675fc21eeb80,Auth:1
a0d8614c-d030-45d9-a755-4efe7296bed9,Auth:1
a0d8614c-d0c2-47ee-8c52-34b0cb9aefbc,Auth:1
a0d8614c-d112-4b3a-aec2-753e01d98c08,Auth:1
a0d8614c-d268-4f0b-a162-1e97cbf4a541,Auth:1
a0d8614c-d366-4847-9b02-0a0c6b289617,Auth:1
a0d8614c-d4ad-4af8-84f6-17db92963961,Auth:1
a0d8614c-d571-45ab-a0a9-95f09e277c96,Auth:1
a0d8614c-d5f3-4729-81df-3a0a94e1bee6,Auth:1
a0d8614c-d6f3-444f-ba12-3d60ca021a0b,Auth:1
a0d8614c-d7e4-42b9-bb7b-e0661e78229f,Auth:1
a0d8614c-d892-4970-a238-46d18271f820,Auth:1
a0d8614c-d98b-484e-bdda-e4aabc00f3ba,Auth:1
a0d8614c-dc5a-45bb-8704-db1ac0ffb03c,Auth:1
a0d8614c-dda9-4b4d-9c03-9664fb79d559,Auth:1
a0d8614c-de58-4e72-91d8-f309a7508c72,Auth:1
a0d8614c-dee7-4673-942c-cdff1374234f,Auth:1
a0d8614c-df38-4f4e-b759-2376e2bdace9,Auth:1
a0d8614c-e109-4c7d-9a19-778392eeca8d,Auth:1
a0d8614c-e83b-4552-ae95-05a673e25843,Auth:1
a0d8614c-e9de-40d1-a4f9-f91e28490923,Auth:1
a0d8614c-ea8b-416b-bb6c-a9143235a3a8,Auth:1
a0d8614c-ece6-402d-8636-be499c7f45c5,Auth:1
a0d8614c-ef38-4dd4-8e3d-584d886af672,Auth:1
a0d8614c-f088-4240-9c3b-ced0828840d3,Auth:1
a0d8614c-f1a9-487e-a66e-496acf0e49c7,Auth:1
a0d8614c-f257-40ad-9248-6e5e2b14ac80,Auth:1
a0d8614c-f2ed-40bc-aff2-589a6547ae15,Auth:1
a0d8614c-f446-44a5-8bb7-a4dc3d47c5e4,Auth:1
a0d8614c-f5bb-49fb-9f7b-5f6f7ef21ce2,Auth:1
a0d8614c-f661-4552-a4a5-bec65ff0fd81,Auth:1
a0d8614c-f8e3-4498-ab1c-8be53a371a49,Auth:1
a0d8614c-f99d-45ed-b6c8-1d3376cabb52,Auth:1
a0d8614c-fa10-4093-acdb-96f7f9fef338,Auth:1
a0d8614c-fcfa-4f99-8d8f-bc931dca7b7d,Auth:1
a0d8614c-fdf9-465d-a8c3-8b85ff4eb53e,Auth:1
a0d8614c-fe87-4f75-a9f9-75cf65da0277,Auth:1
a0d8614c-fff3-4a68-b100-c8c5cf2f8ce4,Auth:1
a0d8614d-009c-42dd-8d5c-4a91728ae492,Auth:1
a0d8614d-010c-4696-9d9a-06e0de6d554a,Auth:1
a0d8614d-02ae-4729-850d-e181724d774a,Auth:1
a0d8614d-03e8-4520-8b85-5de20b43641d,Auth:1
a0d8614d-04a8-48c0-b072-ee3ed2c8b0b8,Auth:1
a0d8614d-0620-41da-b5e0-eab9033c07d7,Auth:1
a0d8614d-06da-4262-ab9b-c268a54e0017,Auth:1
a0d8614d-0788-4259-a011-529881e66ce8,Auth:1
a0d8614d-08b6-4ed8-aa8b-c3cf9dcc0ffa,Auth:1
a0d8614d-0968-4125-8eb5-28f049b637a7,Auth:1
a0d8614d-09db-4030-82e6-f38db4fc85fa,Auth:1
a0d8614d-0a25-4f76-a055-adb01ff0fae2,Auth:1
a0d8614d-0c45-424b-87ce-d18f76ef802f,Auth:1
a0d8614d-0ce3-44a8-ac2f-527c525c6524,Auth:1
a0d8614d-0dc3-4089-b3ce-a279277d0079,Auth:1
a0d8614d-0e6a-469c-8309-3de2f464628f,Auth:1
a0d8614d-0f71-4723-b7ea-f44fa3a5711c,Auth:1
a0d8614d-114c-4a29-84a5-3c0082808efc,Auth:1
a0d8614d-11ef-4d8b-90c4-db0d643771f1,Auth:1
a0d8614d-1256-4e72-9a08-e82bb2494c2c,Auth:1
a0d8614d-12fc-4dbc-9de8-cf223b9c98ca,Auth:1
a0d8614d-1398-416d-b017-4719e7a5b75e,Auth:1
a0d8614d-143c-4278-afdd-8a07b9c41bab,Auth:1
a0d8614d-1498-45ae-8724-ea2c522b253d,Auth:1
a0d8614d-151f-4ebd-9f8d-72a42d481b06,Auth:1
a0d8614d-15fd-4038-87d2-06d0b6354c96,Auth:1
a0d8614d-16cd-4cb8-9640-80a06fb6fc0e,Auth:1
a0d8614d-187f-412d-a9db-b01bbf6559b7,Auth:1
a0d8614d-190e-4d8c-9916-88076a36758d,Auth:1
a0d8614d-1a39-4656-83ef-d92a71ed5fef,Auth:1
a0d8614d-1c02-4149-a147-6fe17358b631,Auth:1
a0d8614d-1ce0-4b56-87ef-09eb50433a0d,Auth:1
a0d8614d-1f22-4637-86aa-8a0e28bd6183,Auth:1
a0d8614d-20af-455a-99b4-19501845fa4d,Auth:1
a0d8614d-21c9-4833-b8d4-e379307393ac,Auth:1
a0d8614d-224d-4801-80fd-0adb8d2a02ea,Auth:1
a0d8614d-234b-4069-bb5a-6dd2fc804674,Auth:1
a0d8614d-24ba-4c1e-9ba6-1b823b09dd97,Auth:1
a0d8614d-2582-40c3-8314-f917e2062b10,Auth:1
a0d8614d-266d-4cd9-9b5a-8b6dfac7186e,Auth:1
a0d8614d-272a-4726-9afd-2f4553b4a2c3,Auth:1
a0d8614d-2c00-48ad-8e2f-d43770be2d84,Auth:1
a0d8614d-3407-4c33-a9af-aec7c49c7150,Auth:1
a0d8614d-3533-4a02-9560-b1657c48a637,Auth:1
a0d8614d-37ff-4de5-9f6b-5e3210b0d96c,Auth:1
a0d8614d-38d5-4260-ac1d-ebc274ef6db0,Auth:1
a0d8614d-39f8-426a-93ea-9cd87dc0ac70,Auth:1
a0d8614d-3b46-465a-9dac-ed58315b1777,Auth:1
a0d8614d-3cc3-4170-9bec-5f43126b8e63,Auth:1
a0d8614d-3ee1-4ec5-8591-2d9721c1f996,Auth:1
a0d8614d-3faf-4222-b37a-52ffb897efe8,Auth:1
a0d8614d-4469-4b90-8827-d24e85c1dd55,Auth:1
a0d8614d-448d-44a0-852f-7de3c519fefd,Auth:1
a0d8614d-44c4-43ab-9d6b-5a9747cd7b8a,Auth:1
a0d8614d-45c6-4e0c-b15e-b8c2d2f17831,Auth:1
a0d8614d-48b4-43d5-a148-e446c88e2a40,Auth:1
a0d8614d-4a1a-4158-8a44-0bfb0730025b,Auth:1
a0d8614d-4b76-4a87-88b1-8be4d5d58558,Auth:1
a0d8614d-4c0a-491f-ae47-80c28011e7ca,Auth:1
a0d8614d-4ddb-43ca-b56d-344dbe32c277,Auth:1
a0d8614d-4e72-490d-836e-70bb6642057c,Auth:1
a0d8614d-4f1e-4c82-b01b-87d3e3de88a5,Auth:1
a0d8614d-5249-41dc-806b-1bbb105f85aa,Auth:1
a0d8614d-52cc-469b-96cf-bebf2e29dcb6,Auth:1
a0d8614d-5602-4f56-817e-da66dd5cf103,Auth:1
a0d8614d-56ae-4aa0-b1c0-5823dad3a5e9,Auth:1
a0d8614d-577c-4985-aa30-b060f61e0574,Auth:1
a0d8614d-583d-4c61-8fb6-db6948e305d9,Auth:1
a0d8614d-5926-4d4c-aa97-ab9f1d37b391,Auth:1
a0d8614d-59d7-4bc1-bf56-4e6fb17d3616,Auth:1
a0d8614d-5a07-401f-85fd-c00d14de084c,Auth:1
a0d8614d-5a8d-4f9c-9b04-3e46c7ff03c4,Auth:1
a0d8614d-5b42-41bb-892e-bec0df93e268,Auth:1
a0d8614d-5d52-44b7-9293-f2abde09c6cc,Auth:1
a0d8614d-5e82-4c32-8090-fc274b24df8e,Auth:1
a0d8614d-5fad-4457-8d4d-436b058feb9f,Auth:1
a0d8614d-603b-4f02-aeba-e44b99f652fd,Auth:1
a0d8614d-608d-4be6-a984-d0967b988947,Auth:1
a0d8614d-6182-43c0-abac-69a16c245427,Auth:1
a0d8614d-6346-41b8-b846-713c38eae059,Auth:1
a0d8614d-6423-40d5-a76c-ade0e8372afd,Auth:1
a0d8614d-64c4-484f-9a3e-dc9074d4ec5e,Auth:1
a0d8614d-6605-4696-94b5-7ad0c62c2efd,Auth:1
a0d8614d-66d4-41d0-8193-f9784860d719,Auth:1
a0d8614d-6771-4243-bdaf-e36f452d78b5,Auth:1
a0d8614d-6851-4d7e-a531-2f9d836439f4,Auth:1
a0d8614d-6943-45e8-806d-65b9efcdc661,Auth:1
a0d8614d-6a1f-4659-8ced-28e01c3d2d28,Auth:1
a0d8614d-6b0a-4631-8077-bf20aa9dc1a1,Auth:1
a0d8614d-6c1e-4637-8efb-4c85716dfca4,Auth:1
a0d8614d-6d52-4086-8dfc-992498bf9bef,Auth:1
a0d8614d-6dfc-4378-8118-9c6743c4377d,Auth:1
a0d8614d-6ef5-46f3-ba7e-fd0631f210a1,Auth:1
a0d8614d-6fcc-495e-a6dc-6d866f6c31c1,Auth:1
a0d8614d-70b5-4209-818d-50009517930c,Auth:1
a0d8614d-71b2-4d92-8b19-ff0a78bbd290,Auth:1
a0d8614d-730c-4b6c-9dd7-1c4034767267,Auth:1
a0d8614d-73e3-48d3-855f-5e571f9d22be,Auth:1
a0d8614d-7498-4bdd-8341-20c5f340e0b2,Auth:1
a0d8614d-7545-44ee-9f4a-aa8ec24fcc5d,Auth:1
a0d8614d-75dd-44ec-8de1-ebf217194436,Auth:1
a0d8614d-7693-426e-83c7-55d0fbbb17ff,Auth:1
a0d8614d-7740-41d2-8dbc-920dc8782732,Auth:1
a0d8614d-798e-41ee-83cf-8e67d1bbc189,Auth:1
a0d8614d-7ae7-44f1-b309-18d20ea4a36c,Auth:1
a0d8614d-7d1f-42fb-8632-6f2a710862dd,Auth:1
a0d8614d-7e4f-4efc-9d44-4a2d723a9e3f,Auth:1
a0d8614d-841a-4822-9e52-957a03e3d8d9,Auth:1
a0d8614d-846c-448b-9395-bbba29964a3c,Auth:1
